product_id,branch_id,product_name,category,machine_type,brand,criticality_level,usage_frequency,product_unit_cost,product_unit_price,margin_percentage,branch_name,branch_city,branch_state,branch_region,warehouse_type,warehouse_capacity_sqft,opening_stock,current_stock,reorder_level,safety_stock,max_stock,warehouse_bin,stock_value_at_cost,stock_value_at_price,potential_gross_profit,pct_of_max_stock,stock_status,units_above_max,units_below_reorder,units_above_safety,units_above_reorder,overstock_value_at_cost,overstock_value_at_price,stock_to_reorder_ratio,stock_to_safety_ratio,is_overstocked,is_below_reorder,is_below_safety
P001,DEL001,Hydraulic Pump HP-300,Hydraulic,Excavator,CAT,High,Medium,18950,24500,29.2,Delhi Central,Delhi,Delhi,North,Central,45230,196,115928,59,46,340,C15,2196835600,2840236000,643400400,34096.5,Overstock – Above Max,115588,0,115882,115869,2190392600,2831906000,1964.88,2520.17,True,False,False
P001,PUN001,Hydraulic Pump HP-300,Hydraulic,Excavator,CAT,High,Medium,18950,24500,29.2,Pune Distribution,Pune,Maharashtra,West,Regional,38750,198,109389,70,43,349,D16,2072921550,2680030500,607108950,31343.6,Overstock – Above Max,109040,0,109346,109319,2066308000,2671480000,1562.7,2543.93,True,False,False
P001,CHN001,Hydraulic Pump HP-300,Hydraulic,Excavator,CAT,High,Medium,18950,24500,29.2,Chennai South Hub,Chennai,Tamil Nadu,South,Regional,41890,187,99373,62,44,311,A11,1883118350,2434638500,551520150,31952.7,Overstock – Above Max,99062,0,99329,99311,1877224900,2427019000,1602.79,2258.48,True,False,False
P001,HYD001,Hydraulic Pump HP-300,Hydraulic,Excavator,CAT,High,Medium,18950,24500,29.2,Hyderabad Logistics,Hyderabad,Telangana,South,Branch,36210,226,108772,71,65,417,A10,2061229400,2664914000,603684600,26084.4,Overstock – Above Max,108355,0,108707,108701,2053327250,2654697500,1532.0,1673.42,True,False,False
P001,KOL001,Hydraulic Pump HP-300,Hydraulic,Excavator,CAT,High,Medium,18950,24500,29.2,Kolkata East Depot,Kolkata,West Bengal,East,Branch,29880,263,103808,94,58,475,F03,1967161600,2543296000,576134400,21854.3,Overstock – Above Max,103333,0,103750,103714,1958160350,2531658500,1104.34,1789.79,True,False,False
P001,AHM001,Hydraulic Pump HP-300,Hydraulic,Excavator,CAT,High,Medium,18950,24500,29.2,Ahmedabad West Hub,Ahmedabad,Gujarat,West,Service Hub,34120,236,106714,77,53,455,C20,2022230300,2614493000,592262700,23453.6,Overstock – Above Max,106259,0,106661,106637,2013608050,2603345500,1385.9,2013.47,True,False,False
P002,DEL001,Engine Oil Filter OF-90,Filters,Loader,JCB,Medium,High,450,720,37.3,Delhi Central,Delhi,Delhi,North,Central,45230,166,108628,57,35,261,A06,48882600,78212160,29329560,41619.9,Overstock – Above Max,108367,0,108593,108571,48765150,78024240,1905.75,3103.66,True,False,False
P002,PUN001,Engine Oil Filter OF-90,Filters,Loader,JCB,Medium,High,450,720,37.3,Pune Distribution,Pune,Maharashtra,West,Regional,38750,113,101623,41,27,180,E01,45730350,73168560,27438210,56457.2,Overstock – Above Max,101443,0,101596,101582,45649350,73038960,2478.61,3763.81,True,False,False
P002,CHN001,Engine Oil Filter OF-90,Filters,Loader,JCB,Medium,High,450,720,37.3,Chennai South Hub,Chennai,Tamil Nadu,South,Regional,41890,267,105885,102,76,465,B04,47648250,76237200,28588950,22771.0,Overstock – Above Max,105420,0,105809,105783,47439000,75902400,1038.09,1393.22,True,False,False
P002,HYD001,Engine Oil Filter OF-90,Filters,Loader,JCB,Medium,High,450,720,37.3,Hyderabad Logistics,Hyderabad,Telangana,South,Branch,36210,219,121013,78,64,383,A02,54455850,87129360,32673510,31596.1,Overstock – Above Max,120630,0,120949,120935,54283500,86853600,1551.45,1890.83,True,False,False
P002,KOL001,Engine Oil Filter OF-90,Filters,Loader,JCB,Medium,High,450,720,37.3,Kolkata East Depot,Kolkata,West Bengal,East,Branch,29880,288,107584,105,73,511,F18,48412800,77460480,29047680,21053.6,Overstock – Above Max,107073,0,107511,107479,48182850,77092560,1024.61,1473.75,True,False,False
P002,AHM001,Engine Oil Filter OF-90,Filters,Loader,JCB,Medium,High,450,720,37.3,Ahmedabad West Hub,Ahmedabad,Gujarat,West,Service Hub,34120,102,110279,36,27,179,E04,49625550,79400880,29775330,61608.4,Overstock – Above Max,110100,0,110252,110243,49545000,79272000,3063.31,4084.41,True,False,False
P003,DEL001,Air Filter AF-120,Filters,Excavator,Komatsu,Medium,High,820,1250,52.4,Delhi Central,Delhi,Delhi,North,Central,45230,113,104884,44,31,190,B07,86004880,131105000,45100120,55202.1,Overstock – Above Max,104694,0,104853,104840,85849080,130867500,2383.73,3383.35,True,False,False
P003,PUN001,Air Filter AF-120,Filters,Excavator,Komatsu,Medium,High,820,1250,52.4,Pune Distribution,Pune,Maharashtra,West,Regional,38750,218,118139,72,44,359,F09,96873980,147673750,50799770,32907.8,Overstock – Above Max,117780,0,118095,118067,96579600,147225000,1640.82,2684.98,True,False,False
P003,CHN001,Air Filter AF-120,Filters,Excavator,Komatsu,Medium,High,820,1250,52.4,Chennai South Hub,Chennai,Tamil Nadu,South,Regional,41890,191,107840,62,39,365,C09,88428800,134800000,46371200,29545.2,Overstock – Above Max,107475,0,107801,107778,88129500,134343750,1739.35,2765.13,True,False,False
P003,HYD001,Air Filter AF-120,Filters,Excavator,Komatsu,Medium,High,820,1250,52.4,Hyderabad Logistics,Hyderabad,Telangana,South,Branch,36210,272,106658,95,72,422,E12,87459560,133322500,45862940,25274.4,Overstock – Above Max,106236,0,106586,106563,87113520,132795000,1122.72,1481.36,True,False,False
P003,KOL001,Air Filter AF-120,Filters,Excavator,Komatsu,Medium,High,820,1250,52.4,Kolkata East Depot,Kolkata,West Bengal,East,Branch,29880,234,110093,80,52,386,D02,90276260,137616250,47339990,28521.5,Overstock – Above Max,109707,0,110041,110013,89959740,137133750,1376.16,2117.17,True,False,False
P003,AHM001,Air Filter AF-120,Filters,Excavator,Komatsu,Medium,High,820,1250,52.4,Ahmedabad West Hub,Ahmedabad,Gujarat,West,Service Hub,34120,238,102501,82,48,475,C06,84050820,128126250,44075430,21579.2,Overstock – Above Max,102026,0,102453,102419,83661320,127532500,1250.01,2135.44,True,False,False
P004,DEL001,Track Chain TC-45,Undercarriage,Bulldozer,Volvo,High,Low,32500,39800,22.5,Delhi Central,Delhi,Delhi,North,Central,45230,172,110145,57,35,267,A14,3579712500,4383771000,804058500,41252.8,Overstock – Above Max,109878,0,110110,110088,3571035000,4373144400,1932.37,3147.0,True,False,False
P004,PUN001,Track Chain TC-45,Undercarriage,Bulldozer,Volvo,High,Low,32500,39800,22.5,Pune Distribution,Pune,Maharashtra,West,Regional,38750,171,104859,55,37,265,E16,3407917500,4173388200,765470700,39569.4,Overstock – Above Max,104594,0,104822,104804,3399305000,4162841200,1906.53,2834.03,True,False,False
P004,CHN001,Track Chain TC-45,Undercarriage,Bulldozer,Volvo,High,Low,32500,39800,22.5,Chennai South Hub,Chennai,Tamil Nadu,South,Regional,41890,171,103984,58,41,339,A15,3379480000,4138563200,759083200,30673.7,Overstock – Above Max,103645,0,103943,103926,3368462500,4125071000,1792.83,2536.2,True,False,False
P004,HYD001,Track Chain TC-45,Undercarriage,Bulldozer,Volvo,High,Low,32500,39800,22.5,Hyderabad Logistics,Hyderabad,Telangana,South,Branch,36210,193,109943,62,49,363,D18,3573147500,4375731400,802583900,30287.3,Overstock – Above Max,109580,0,109894,109881,3561350000,4361284000,1773.27,2243.73,True,False,False
P004,KOL001,Track Chain TC-45,Undercarriage,Bulldozer,Volvo,High,Low,32500,39800,22.5,Kolkata East Depot,Kolkata,West Bengal,East,Branch,29880,115,110042,44,33,187,B06,3576365000,4379671600,803306600,58846.0,Overstock – Above Max,109855,0,110009,109998,3570287500,4372229000,2500.95,3334.61,True,False,False
P004,AHM001,Track Chain TC-45,Undercarriage,Bulldozer,Volvo,High,Low,32500,39800,22.5,Ahmedabad West Hub,Ahmedabad,Gujarat,West,Service Hub,34120,273,99909,104,77,430,C08,3247042500,3976378200,729335700,23234.7,Overstock – Above Max,99479,0,99832,99805,3233067500,3959264200,960.66,1297.52,True,False,False
P005,DEL001,Fuel Injector FI-220,Engine,Excavator,Tata Hitachi,High,Medium,6350,8450,33.0,Delhi Central,Delhi,Delhi,North,Central,45230,242,110862,94,63,463,E03,703973700,936783900,232810200,23944.3,Overstock – Above Max,110399,0,110799,110768,701033650,932871550,1179.38,1759.71,True,False,False
P005,PUN001,Fuel Injector FI-220,Engine,Excavator,Tata Hitachi,High,Medium,6350,8450,33.0,Pune Distribution,Pune,Maharashtra,West,Regional,38750,262,108488,89,76,436,B10,688898800,916723600,227824800,24882.6,Overstock – Above Max,108052,0,108412,108399,686130200,913039400,1218.97,1427.47,True,False,False
P005,CHN001,Fuel Injector FI-220,Engine,Excavator,Tata Hitachi,High,Medium,6350,8450,33.0,Chennai South Hub,Chennai,Tamil Nadu,South,Regional,41890,172,114267,68,40,336,E05,725595450,965556150,239960700,34008.0,Overstock – Above Max,113931,0,114227,114199,723461850,962716950,1680.4,2856.68,True,False,False
P005,HYD001,Fuel Injector FI-220,Engine,Excavator,Tata Hitachi,High,Medium,6350,8450,33.0,Hyderabad Logistics,Hyderabad,Telangana,South,Branch,36210,178,112865,62,51,341,C13,716692750,953709250,237016500,33098.2,Overstock – Above Max,112524,0,112814,112803,714527400,950827800,1820.4,2213.04,True,False,False
P005,KOL001,Fuel Injector FI-220,Engine,Excavator,Tata Hitachi,High,Medium,6350,8450,33.0,Kolkata East Depot,Kolkata,West Bengal,East,Branch,29880,215,104202,83,43,357,B19,661682700,880506900,218824200,29188.2,Overstock – Above Max,103845,0,104159,104119,659415750,877490250,1255.45,2423.3,True,False,False
P005,AHM001,Fuel Injector FI-220,Engine,Excavator,Tata Hitachi,High,Medium,6350,8450,33.0,Ahmedabad West Hub,Ahmedabad,Gujarat,West,Service Hub,34120,106,108136,37,29,175,B06,686663600,913749200,227085600,61792.0,Overstock – Above Max,107961,0,108107,108099,685552350,912270450,2922.59,3728.83,True,False,False
P006,DEL001,Alternator ALT-500,Electrical,Loader,CAT,High,Medium,8650,11200,29.5,Delhi Central,Delhi,Delhi,North,Central,45230,131,99358,43,26,234,B09,859446700,1112809600,253362900,42460.7,Overstock – Above Max,99124,0,99332,99315,857422600,1110188800,2310.65,3821.46,True,False,False
P006,PUN001,Alternator ALT-500,Electrical,Loader,CAT,High,Medium,8650,11200,29.5,Pune Distribution,Pune,Maharashtra,West,Regional,38750,210,111016,69,43,356,F02,960288400,1243379200,283090800,31184.3,Overstock – Above Max,110660,0,110973,110947,957209000,1239392000,1608.93,2581.77,True,False,False
P006,CHN001,Alternator ALT-500,Electrical,Loader,CAT,High,Medium,8650,11200,29.5,Chennai South Hub,Chennai,Tamil Nadu,South,Regional,41890,119,110681,41,31,181,D03,957390650,1239627200,282236550,61149.7,Overstock – Above Max,110500,0,110650,110640,955825000,1237600000,2699.54,3570.35,True,False,False
P006,HYD001,Alternator ALT-500,Electrical,Loader,CAT,High,Medium,8650,11200,29.5,Hyderabad Logistics,Hyderabad,Telangana,South,Branch,36210,275,109564,84,62,472,F19,947728600,1227116800,279388200,23212.7,Overstock – Above Max,109092,0,109502,109480,943645800,1221830400,1304.33,1767.16,True,False,False
P006,KOL001,Alternator ALT-500,Electrical,Loader,CAT,High,Medium,8650,11200,29.5,Kolkata East Depot,Kolkata,West Bengal,East,Branch,29880,105,109176,33,28,181,B13,944372400,1222771200,278398800,60318.2,Overstock – Above Max,108995,0,109148,109143,942806750,1220744000,3308.36,3899.14,True,False,False
P006,AHM001,Alternator ALT-500,Electrical,Loader,CAT,High,Medium,8650,11200,29.5,Ahmedabad West Hub,Ahmedabad,Gujarat,West,Service Hub,34120,170,107359,62,43,291,A01,928655350,1202420800,273765450,36893.1,Overstock – Above Max,107068,0,107316,107297,926138200,1199161600,1731.6,2496.72,True,False,False
P007,DEL001,Hydraulic Hose HH-60,Hydraulic,Crane,JCB,Medium,High,980,1450,48.0,Delhi Central,Delhi,Delhi,North,Central,45230,205,119439,79,59,383,C04,117050220,173186550,56136330,31185.1,Overstock – Above Max,119056,0,119380,119360,116674880,172631200,1511.89,2024.39,True,False,False
P007,PUN001,Hydraulic Hose HH-60,Hydraulic,Crane,JCB,Medium,High,980,1450,48.0,Pune Distribution,Pune,Maharashtra,West,Regional,38750,231,110464,72,58,459,C08,108254720,160172800,51918080,24066.2,Overstock – Above Max,110005,0,110406,110392,107804900,159507250,1534.22,1904.55,True,False,False
P007,CHN001,Hydraulic Hose HH-60,Hydraulic,Crane,JCB,Medium,High,980,1450,48.0,Chennai South Hub,Chennai,Tamil Nadu,South,Regional,41890,230,108692,77,46,434,E17,106518160,157603400,51085240,25044.2,Overstock – Above Max,108258,0,108646,108615,106092840,156974100,1411.58,2362.87,True,False,False
P007,HYD001,Hydraulic Hose HH-60,Hydraulic,Crane,JCB,Medium,High,980,1450,48.0,Hyderabad Logistics,Hyderabad,Telangana,South,Branch,36210,298,112543,93,61,548,C16,110292140,163187350,52895210,20537.0,Overstock – Above Max,111995,0,112482,112450,109755100,162392750,1210.14,1844.97,True,False,False
P007,KOL001,Hydraulic Hose HH-60,Hydraulic,Crane,JCB,Medium,High,980,1450,48.0,Kolkata East Depot,Kolkata,West Bengal,East,Branch,29880,273,99463,93,62,438,C03,97473740,144221350,46747610,22708.4,Overstock – Above Max,99025,0,99401,99370,97044500,143586250,1069.49,1604.24,True,False,False
P007,AHM001,Hydraulic Hose HH-60,Hydraulic,Crane,JCB,Medium,High,980,1450,48.0,Ahmedabad West Hub,Ahmedabad,Gujarat,West,Service Hub,34120,146,106222,50,38,267,C13,104097560,154021900,49924340,39783.5,Overstock – Above Max,105955,0,106184,106172,103835900,153634750,2124.44,2795.32,True,False,False
P008,DEL001,Bucket Tooth BT-10,Attachments,Excavator,Komatsu,Low,High,340,580,70.6,Delhi Central,Delhi,Delhi,North,Central,45230,298,106667,116,69,572,C16,36266780,61866860,25600080,18648.1,Overstock – Above Max,106095,0,106598,106551,36072300,61535100,919.54,1545.9,True,False,False
P008,PUN001,Bucket Tooth BT-10,Attachments,Excavator,Komatsu,Low,High,340,580,70.6,Pune Distribution,Pune,Maharashtra,West,Regional,38750,86,99151,33,17,147,D12,33711340,57507580,23796240,67449.7,Overstock – Above Max,99004,0,99134,99118,33661360,57422320,3004.58,5832.41,True,False,False
P008,CHN001,Bucket Tooth BT-10,Attachments,Excavator,Komatsu,Low,High,340,580,70.6,Chennai South Hub,Chennai,Tamil Nadu,South,Regional,41890,265,108381,104,75,477,A08,36849540,62860980,26011440,22721.4,Overstock – Above Max,107904,0,108306,108277,36687360,62584320,1042.12,1445.08,True,False,False
P008,HYD001,Bucket Tooth BT-10,Attachments,Excavator,Komatsu,Low,High,340,580,70.6,Hyderabad Logistics,Hyderabad,Telangana,South,Branch,36210,270,101753,93,75,467,A08,34596020,59016740,24420720,21788.7,Overstock – Above Max,101286,0,101678,101660,34437240,58745880,1094.12,1356.71,True,False,False
P008,KOL001,Bucket Tooth BT-10,Attachments,Excavator,Komatsu,Low,High,340,580,70.6,Kolkata East Depot,Kolkata,West Bengal,East,Branch,29880,135,99461,43,30,262,D04,33816740,57687380,23870640,37962.2,Overstock – Above Max,99199,0,99431,99418,33727660,57535420,2313.05,3315.37,True,False,False
P008,AHM001,Bucket Tooth BT-10,Attachments,Excavator,Komatsu,Low,High,340,580,70.6,Ahmedabad West Hub,Ahmedabad,Gujarat,West,Service Hub,34120,259,109281,85,57,430,D10,37155540,63382980,26227440,25414.2,Overstock – Above Max,108851,0,109224,109196,37009340,63133580,1285.66,1917.21,True,False,False
P009,DEL001,Starter Motor SM-700,Electrical,Dumper,Volvo,High,Medium,11450,14900,30.1,Delhi Central,Delhi,Delhi,North,Central,45230,147,102816,57,32,261,D10,1177243200,1531958400,354715200,39393.1,Overstock – Above Max,102555,0,102784,102759,1174254750,1528069500,1803.79,3213.0,True,False,False
P009,PUN001,Starter Motor SM-700,Electrical,Dumper,Volvo,High,Medium,11450,14900,30.1,Pune Distribution,Pune,Maharashtra,West,Regional,38750,186,111320,56,37,345,F09,1274614000,1658668000,384054000,32266.7,Overstock – Above Max,110975,0,111283,111264,1270663750,1653527500,1987.86,3008.65,True,False,False
P009,CHN001,Starter Motor SM-700,Electrical,Dumper,Volvo,High,Medium,11450,14900,30.1,Chennai South Hub,Chennai,Tamil Nadu,South,Regional,41890,226,111456,89,53,387,D11,1276171200,1660694400,384523200,28800.0,Overstock – Above Max,111069,0,111403,111367,1271740050,1654928100,1252.31,2102.94,True,False,False
P009,HYD001,Starter Motor SM-700,Electrical,Dumper,Volvo,High,Medium,11450,14900,30.1,Hyderabad Logistics,Hyderabad,Telangana,South,Branch,36210,282,100071,101,82,436,D03,1145812950,1491057900,345244950,22952.1,Overstock – Above Max,99635,0,99989,99970,1140820750,1484561500,990.8,1220.38,True,False,False
P009,KOL001,Starter Motor SM-700,Electrical,Dumper,Volvo,High,Medium,11450,14900,30.1,Kolkata East Depot,Kolkata,West Bengal,East,Branch,29880,104,110547,35,25,201,E10,1265763150,1647150300,381387150,54998.5,Overstock – Above Max,110346,0,110522,110512,1263461700,1644155400,3158.49,4421.88,True,False,False
P009,AHM001,Starter Motor SM-700,Electrical,Dumper,Volvo,High,Medium,11450,14900,30.1,Ahmedabad West Hub,Ahmedabad,Gujarat,West,Service Hub,34120,183,95731,61,44,333,B15,1096119950,1426391900,330271950,28748.0,Overstock – Above Max,95398,0,95687,95670,1092307100,1421430200,1569.36,2175.7,True,False,False
P010,DEL001,Turbocharger TB-900,Engine,Excavator,CAT,High,Medium,28900,34900,20.8,Delhi Central,Delhi,Delhi,North,Central,45230,133,106895,43,37,220,D11,3089265500,3730635500,641370000,48588.6,Overstock – Above Max,106675,0,106858,106852,3082907500,3722957500,2485.93,2889.05,True,False,False
P010,PUN001,Turbocharger TB-900,Engine,Excavator,CAT,High,Medium,28900,34900,20.8,Pune Distribution,Pune,Maharashtra,West,Regional,38750,159,114565,48,45,267,D20,3310928500,3998318500,687390000,42908.2,Overstock – Above Max,114298,0,114520,114517,3303212200,3989000200,2386.77,2545.89,True,False,False
P010,CHN001,Turbocharger TB-900,Engine,Excavator,CAT,High,Medium,28900,34900,20.8,Chennai South Hub,Chennai,Tamil Nadu,South,Regional,41890,120,113425,44,29,191,B09,3277982500,3958532500,680550000,59384.8,Overstock – Above Max,113234,0,113396,113381,3272462600,3951866600,2577.84,3911.21,True,False,False
P010,HYD001,Turbocharger TB-900,Engine,Excavator,CAT,High,Medium,28900,34900,20.8,Hyderabad Logistics,Hyderabad,Telangana,South,Branch,36210,171,110225,62,46,307,F12,3185502500,3846852500,661350000,35903.9,Overstock – Above Max,109918,0,110179,110163,3176630200,3836138200,1777.82,2396.2,True,False,False
P010,KOL001,Turbocharger TB-900,Engine,Excavator,CAT,High,Medium,28900,34900,20.8,Kolkata East Depot,Kolkata,West Bengal,East,Branch,29880,179,100989,61,46,294,A13,2918582100,3524516100,605934000,34350.0,Overstock – Above Max,100695,0,100943,100928,2910085500,3514255500,1655.56,2195.41,True,False,False
P010,AHM001,Turbocharger TB-900,Engine,Excavator,CAT,High,Medium,28900,34900,20.8,Ahmedabad West Hub,Ahmedabad,Gujarat,West,Service Hub,34120,128,115149,43,27,245,C09,3327806100,4018700100,690894000,46999.6,Overstock – Above Max,114904,0,115122,115106,3320725600,4010149600,2677.88,4264.78,True,False,False
P011,DEL001,Hydraulic Cylinder HC-200,Hydraulic,Excavator,Tata Hitachi,High,Medium,21500,27600,28.4,Delhi Central,Delhi,Delhi,North,Central,45230,243,112300,85,64,369,B01,2414450000,3099480000,685030000,30433.6,Overstock – Above Max,111931,0,112236,112215,2406516500,3089295600,1321.18,1754.69,True,False,False
P011,PUN001,Hydraulic Cylinder HC-200,Hydraulic,Excavator,Tata Hitachi,High,Medium,21500,27600,28.4,Pune Distribution,Pune,Maharashtra,West,Regional,38750,86,108691,31,20,138,F06,2336856500,2999871600,663015100,78761.6,Overstock – Above Max,108553,0,108671,108660,2333889500,2996062800,3506.16,5434.55,True,False,False
P011,CHN001,Hydraulic Cylinder HC-200,Hydraulic,Excavator,Tata Hitachi,High,Medium,21500,27600,28.4,Chennai South Hub,Chennai,Tamil Nadu,South,Regional,41890,155,110667,50,32,233,E15,2379340500,3054409200,675068700,47496.6,Overstock – Above Max,110434,0,110635,110617,2374331000,3047978400,2213.34,3458.34,True,False,False
P011,HYD001,Hydraulic Cylinder HC-200,Hydraulic,Excavator,Tata Hitachi,High,Medium,21500,27600,28.4,Hyderabad Logistics,Hyderabad,Telangana,South,Branch,36210,148,107771,46,41,244,B01,2317076500,2974479600,657403100,44168.4,Overstock – Above Max,107527,0,107730,107725,2311830500,2967745200,2342.85,2628.56,True,False,False
P011,KOL001,Hydraulic Cylinder HC-200,Hydraulic,Excavator,Tata Hitachi,High,Medium,21500,27600,28.4,Kolkata East Depot,Kolkata,West Bengal,East,Branch,29880,300,109669,113,68,582,B08,2357883500,3026864400,668980900,18843.5,Overstock – Above Max,109087,0,109601,109556,2345370500,3010801200,970.52,1612.78,True,False,False
P011,AHM001,Hydraulic Cylinder HC-200,Hydraulic,Excavator,Tata Hitachi,High,Medium,21500,27600,28.4,Ahmedabad West Hub,Ahmedabad,Gujarat,West,Service Hub,34120,211,101291,66,50,410,D13,2177756500,2795631600,617875100,24705.1,Overstock – Above Max,100881,0,101241,101225,2168941500,2784315600,1534.71,2025.82,True,False,False
P012,DEL001,Brake Pad BP-40,Brakes,Loader,JCB,Medium,Medium,1800,2450,36.1,Delhi Central,Delhi,Delhi,North,Central,45230,257,119923,98,67,489,D13,215861400,293811350,77949950,24524.1,Overstock – Above Max,119434,0,119856,119825,214981200,292613300,1223.7,1789.9,True,False,False
P012,PUN001,Brake Pad BP-40,Brakes,Loader,JCB,Medium,Medium,1800,2450,36.1,Pune Distribution,Pune,Maharashtra,West,Regional,38750,177,112603,68,52,308,B05,202685400,275877350,73191950,36559.4,Overstock – Above Max,112295,0,112551,112535,202131000,275122750,1655.93,2165.44,True,False,False
P012,CHN001,Brake Pad BP-40,Brakes,Loader,JCB,Medium,Medium,1800,2450,36.1,Chennai South Hub,Chennai,Tamil Nadu,South,Regional,41890,155,107886,54,32,274,A16,194194800,264320700,70125900,39374.5,Overstock – Above Max,107612,0,107854,107832,193701600,263649400,1997.89,3371.44,True,False,False
P012,HYD001,Brake Pad BP-40,Brakes,Loader,JCB,Medium,Medium,1800,2450,36.1,Hyderabad Logistics,Hyderabad,Telangana,South,Branch,36210,128,106209,42,28,241,F04,191176200,260212050,69035850,44070.1,Overstock – Above Max,105968,0,106181,106167,190742400,259621600,2528.79,3793.18,True,False,False
P012,KOL001,Brake Pad BP-40,Brakes,Loader,JCB,Medium,Medium,1800,2450,36.1,Kolkata East Depot,Kolkata,West Bengal,East,Branch,29880,188,109625,67,51,368,F17,197325000,268581250,71256250,29789.4,Overstock – Above Max,109257,0,109574,109558,196662600,267679650,1636.19,2149.51,True,False,False
P012,AHM001,Brake Pad BP-40,Brakes,Loader,JCB,Medium,Medium,1800,2450,36.1,Ahmedabad West Hub,Ahmedabad,Gujarat,West,Service Hub,34120,103,106861,32,24,156,F11,192349800,261809450,69459650,68500.6,Overstock – Above Max,106705,0,106837,106829,192069000,261427250,3339.41,4452.54,True,False,False
P013,DEL001,Seal Kit SK-15,Seals,Excavator,CAT,Medium,High,950,1450,52.6,Delhi Central,Delhi,Delhi,North,Central,45230,126,108520,48,27,249,E18,103094000,157354000,54260000,43582.3,Overstock – Above Max,108271,0,108493,108472,102857450,156992950,2260.83,4019.26,True,False,False
P013,PUN001,Seal Kit SK-15,Seals,Excavator,CAT,Medium,High,950,1450,52.6,Pune Distribution,Pune,Maharashtra,West,Regional,38750,80,104221,25,16,133,F04,99009950,151120450,52110500,78361.7,Overstock – Above Max,104088,0,104205,104196,98883600,150927600,4168.84,6513.81,True,False,False
P013,CHN001,Seal Kit SK-15,Seals,Excavator,CAT,Medium,High,950,1450,52.6,Chennai South Hub,Chennai,Tamil Nadu,South,Regional,41890,156,106476,56,45,307,D08,101152200,154390200,53238000,34682.7,Overstock – Above Max,106169,0,106431,106420,100860550,153945050,1901.36,2366.13,True,False,False
P013,HYD001,Seal Kit SK-15,Seals,Excavator,CAT,Medium,High,950,1450,52.6,Hyderabad Logistics,Hyderabad,Telangana,South,Branch,36210,233,111295,86,52,412,D06,105730250,161377750,55647500,27013.3,Overstock – Above Max,110883,0,111243,111209,105338850,160780350,1294.13,2140.29,True,False,False
P013,KOL001,Seal Kit SK-15,Seals,Excavator,CAT,Medium,High,950,1450,52.6,Kolkata East Depot,Kolkata,West Bengal,East,Branch,29880,129,105381,44,26,233,F03,100111950,152802450,52690500,45227.9,Overstock – Above Max,105148,0,105355,105337,99890600,152464600,2395.02,4053.12,True,False,False
P013,AHM001,Seal Kit SK-15,Seals,Excavator,CAT,Medium,High,950,1450,52.6,Ahmedabad West Hub,Ahmedabad,Gujarat,West,Service Hub,34120,84,98687,25,22,150,E04,93752650,143096150,49343500,65791.3,Overstock – Above Max,98537,0,98665,98662,93610150,142878650,3947.48,4485.77,True,False,False
P014,DEL001,Transmission Assembly TA-800,Transmission,Bulldozer,Volvo,High,Low,68500,83500,21.8,Delhi Central,Delhi,Delhi,North,Central,45230,203,111321,72,44,384,B15,7625488500,9295303500,1669815000,28989.8,Overstock – Above Max,110937,0,111277,111249,7599184500,9263239500,1546.12,2530.02,True,False,False
P014,PUN001,Transmission Assembly TA-800,Transmission,Bulldozer,Volvo,High,Low,68500,83500,21.8,Pune Distribution,Pune,Maharashtra,West,Regional,38750,87,113386,33,20,164,E17,7766941000,9467731000,1700790000,69137.8,Overstock – Above Max,113222,0,113366,113353,7755707000,9454037000,3435.94,5669.3,True,False,False
P014,CHN001,Transmission Assembly TA-800,Transmission,Bulldozer,Volvo,High,Low,68500,83500,21.8,Chennai South Hub,Chennai,Tamil Nadu,South,Regional,41890,157,114302,60,40,303,F14,7829687000,9544217000,1714530000,37723.4,Overstock – Above Max,113999,0,114262,114242,7808931500,9518916500,1905.03,2857.55,True,False,False
P014,HYD001,Transmission Assembly TA-800,Transmission,Bulldozer,Volvo,High,Low,68500,83500,21.8,Hyderabad Logistics,Hyderabad,Telangana,South,Branch,36210,200,111315,71,50,377,C17,7625077500,9294802500,1669725000,29526.5,Overstock – Above Max,110938,0,111265,111244,7599253000,9263323000,1567.82,2226.3,True,False,False
P014,KOL001,Transmission Assembly TA-800,Transmission,Bulldozer,Volvo,High,Low,68500,83500,21.8,Kolkata East Depot,Kolkata,West Bengal,East,Branch,29880,268,105994,106,60,519,D06,7260589000,8850499000,1589910000,20422.7,Overstock – Above Max,105475,0,105934,105888,7225037500,8807162500,999.94,1766.57,True,False,False
P014,AHM001,Transmission Assembly TA-800,Transmission,Bulldozer,Volvo,High,Low,68500,83500,21.8,Ahmedabad West Hub,Ahmedabad,Gujarat,West,Service Hub,34120,108,105345,32,27,171,E07,7216132500,8796307500,1580175000,61605.3,Overstock – Above Max,105174,0,105318,105313,7204419000,8782029000,3292.03,3901.67,True,False,False
P015,DEL001,Engine Block EB-600,Engine,Excavator,Komatsu,High,Low,95500,119000,24.6,Delhi Central,Delhi,Delhi,North,Central,45230,223,100967,75,60,387,E12,9642348500,12015073000,2372724500,26089.7,Overstock – Above Max,100580,0,100907,100892,9605390000,11969020000,1346.23,1682.78,True,False,False
P015,PUN001,Engine Block EB-600,Engine,Excavator,Komatsu,High,Low,95500,119000,24.6,Pune Distribution,Pune,Maharashtra,West,Regional,38750,134,106048,43,34,210,A13,10127584000,12619712000,2492128000,50499.0,Overstock – Above Max,105838,0,106014,106005,10107529000,12594722000,2466.23,3119.06,True,False,False
P015,CHN001,Engine Block EB-600,Engine,Excavator,Komatsu,High,Low,95500,119000,24.6,Chennai South Hub,Chennai,Tamil Nadu,South,Regional,41890,239,113851,91,57,370,C20,10872770500,13548269000,2675498500,30770.5,Overstock – Above Max,113481,0,113794,113760,10837435500,13504239000,1251.11,1997.39,True,False,False
P015,HYD001,Engine Block EB-600,Engine,Excavator,Komatsu,High,Low,95500,119000,24.6,Hyderabad Logistics,Hyderabad,Telangana,South,Branch,36210,149,110035,56,43,226,A16,10508342500,13094165000,2585822500,48688.1,Overstock – Above Max,109809,0,109992,109979,10486759500,13067271000,1964.91,2558.95,True,False,False
P015,KOL001,Engine Block EB-600,Engine,Excavator,Komatsu,High,Low,95500,119000,24.6,Kolkata East Depot,Kolkata,West Bengal,East,Branch,29880,292,96547,116,81,508,B18,9220238500,11489093000,2268854500,19005.3,Overstock – Above Max,96039,0,96466,96431,9171724500,11428641000,832.3,1191.94,True,False,False
P015,AHM001,Engine Block EB-600,Engine,Excavator,Komatsu,High,Low,95500,119000,24.6,Ahmedabad West Hub,Ahmedabad,Gujarat,West,Service Hub,34120,85,105135,28,24,131,A13,10040392500,12511065000,2470672500,80255.7,Overstock – Above Max,105004,0,105111,105107,10027882000,12495476000,3754.82,4380.62,True,False,False
P016,DEL001,Radiator RD-250,Cooling,Loader,JCB,Medium,Medium,7800,10200,30.8,Delhi Central,Delhi,Delhi,North,Central,45230,242,104189,84,66,434,A02,812674200,1062727800,250053600,24006.7,Overstock – Above Max,103755,0,104123,104105,809289000,1058301000,1240.35,1578.62,True,False,False
P016,PUN001,Radiator RD-250,Cooling,Loader,JCB,Medium,Medium,7800,10200,30.8,Pune Distribution,Pune,Maharashtra,West,Regional,38750,217,103006,74,47,371,A07,803446800,1050661200,247214400,27764.4,Overstock – Above Max,102635,0,102959,102932,800553000,1046877000,1391.97,2191.62,True,False,False
P016,CHN001,Radiator RD-250,Cooling,Loader,JCB,Medium,Medium,7800,10200,30.8,Chennai South Hub,Chennai,Tamil Nadu,South,Regional,41890,180,112003,71,45,309,C19,873623400,1142430600,268807200,36246.9,Overstock – Above Max,111694,0,111958,111932,871213200,1139278800,1577.51,2488.96,True,False,False
P016,HYD001,Radiator RD-250,Cooling,Loader,JCB,Medium,Medium,7800,10200,30.8,Hyderabad Logistics,Hyderabad,Telangana,South,Branch,36210,103,106040,35,24,177,A01,827112000,1081608000,254496000,59909.6,Overstock – Above Max,105863,0,106016,106005,825731400,1079802600,3029.71,4418.33,True,False,False
P016,KOL001,Radiator RD-250,Cooling,Loader,JCB,Medium,Medium,7800,10200,30.8,Kolkata East Depot,Kolkata,West Bengal,East,Branch,29880,148,97829,49,32,277,D04,763066200,997855800,234789600,35317.3,Overstock – Above Max,97552,0,97797,97780,760905600,995030400,1996.51,3057.16,True,False,False
P016,AHM001,Radiator RD-250,Cooling,Loader,JCB,Medium,Medium,7800,10200,30.8,Ahmedabad West Hub,Ahmedabad,Gujarat,West,Service Hub,34120,95,110893,33,25,164,D04,864965400,1131108600,266143200,67617.7,Overstock – Above Max,110729,0,110868,110860,863686200,1129435800,3360.39,4435.72,True,False,False
P017,DEL001,Fan Belt FB-30,Belts,Excavator,Tata Hitachi,Medium,High,320,520,62.5,Delhi Central,Delhi,Delhi,North,Central,45230,243,112971,93,72,479,B15,36150720,58744920,22594200,23584.8,Overstock – Above Max,112492,0,112899,112878,35997440,58495840,1214.74,1569.04,True,False,False
P017,PUN001,Fan Belt FB-30,Belts,Excavator,Tata Hitachi,Medium,High,320,520,62.5,Pune Distribution,Pune,Maharashtra,West,Regional,38750,206,104847,63,56,331,F06,33551040,54520440,20969400,31675.8,Overstock – Above Max,104516,0,104791,104784,33445120,54348320,1664.24,1872.27,True,False,False
P017,CHN001,Fan Belt FB-30,Belts,Excavator,Tata Hitachi,Medium,High,320,520,62.5,Chennai South Hub,Chennai,Tamil Nadu,South,Regional,41890,178,106266,59,45,300,C15,34005120,55258320,21253200,35422.0,Overstock – Above Max,105966,0,106221,106207,33909120,55102320,1801.12,2361.47,True,False,False
P017,HYD001,Fan Belt FB-30,Belts,Excavator,Tata Hitachi,Medium,High,320,520,62.5,Hyderabad Logistics,Hyderabad,Telangana,South,Branch,36210,88,117058,26,23,172,F05,37458560,60870160,23411600,68057.0,Overstock – Above Max,116886,0,117035,117032,37403520,60780720,4502.23,5089.48,True,False,False
P017,KOL001,Fan Belt FB-30,Belts,Excavator,Tata Hitachi,Medium,High,320,520,62.5,Kolkata East Depot,Kolkata,West Bengal,East,Branch,29880,208,108003,72,56,344,B06,34560960,56161560,21600600,31396.2,Overstock – Above Max,107659,0,107947,107931,34450880,55982680,1500.04,1928.62,True,False,False
P017,AHM001,Fan Belt FB-30,Belts,Excavator,Tata Hitachi,Medium,High,320,520,62.5,Ahmedabad West Hub,Ahmedabad,Gujarat,West,Service Hub,34120,276,109921,99,82,542,E01,35174720,57158920,21984200,20280.6,Overstock – Above Max,109379,0,109839,109822,35001280,56877080,1110.31,1340.5,True,False,False
P018,DEL001,Wheel Rim WR-24,Undercarriage,Bulldozer,CAT,High,Medium,8200,11300,37.8,Delhi Central,Delhi,Delhi,North,Central,45230,282,114627,106,74,508,D12,939941400,1295285100,355343700,22564.4,Overstock – Above Max,114119,0,114553,114521,935775800,1289544700,1081.39,1549.01,True,False,False
P018,PUN001,Wheel Rim WR-24,Undercarriage,Bulldozer,CAT,High,Medium,8200,11300,37.8,Pune Distribution,Pune,Maharashtra,West,Regional,38750,155,111530,55,41,293,A10,914546000,1260289000,345743000,38064.8,Overstock – Above Max,111237,0,111489,111475,912143400,1256978100,2027.82,2720.24,True,False,False
P018,CHN001,Wheel Rim WR-24,Undercarriage,Bulldozer,CAT,High,Medium,8200,11300,37.8,Chennai South Hub,Chennai,Tamil Nadu,South,Regional,41890,283,113318,98,74,564,A15,929207600,1280493400,351285800,20091.8,Overstock – Above Max,112754,0,113244,113220,924582800,1274120200,1156.31,1531.32,True,False,False
P018,HYD001,Wheel Rim WR-24,Undercarriage,Bulldozer,CAT,High,Medium,8200,11300,37.8,Hyderabad Logistics,Hyderabad,Telangana,South,Branch,36210,210,112953,78,58,322,E13,926214600,1276368900,350154300,35078.6,Overstock – Above Max,112631,0,112895,112875,923574200,1272730300,1448.12,1947.47,True,False,False
P018,KOL001,Wheel Rim WR-24,Undercarriage,Bulldozer,CAT,High,Medium,8200,11300,37.8,Kolkata East Depot,Kolkata,West Bengal,East,Branch,29880,161,96607,59,42,284,B03,792177400,1091659100,299481700,34016.5,Overstock – Above Max,96323,0,96565,96548,789848600,1088449900,1637.41,2300.17,True,False,False
P018,AHM001,Wheel Rim WR-24,Undercarriage,Bulldozer,CAT,High,Medium,8200,11300,37.8,Ahmedabad West Hub,Ahmedabad,Gujarat,West,Service Hub,34120,262,101420,89,64,438,F08,831644000,1146046000,314402000,23155.3,Overstock – Above Max,100982,0,101356,101331,828052400,1141096600,1139.55,1584.69,True,False,False
P019,DEL001,Swing Motor SWM-350,Hydraulic,Excavator,Volvo,High,Medium,31200,39800,27.6,Delhi Central,Delhi,Delhi,North,Central,45230,125,118200,37,27,208,D07,3687840000,4704360000,1016520000,56826.9,Overstock – Above Max,117992,0,118173,118163,3681350400,4696081600,3194.59,4377.78,True,False,False
P019,PUN001,Swing Motor SWM-350,Hydraulic,Excavator,Volvo,High,Medium,31200,39800,27.6,Pune Distribution,Pune,Maharashtra,West,Regional,38750,116,109388,36,27,207,C04,3412905600,4353642400,940736800,52844.4,Overstock – Above Max,109181,0,109361,109352,3406447200,4345403800,3038.56,4051.41,True,False,False
P019,CHN001,Swing Motor SWM-350,Hydraulic,Excavator,Volvo,High,Medium,31200,39800,27.6,Chennai South Hub,Chennai,Tamil Nadu,South,Regional,41890,287,100413,86,66,566,D20,3132885600,3996437400,863551800,17740.8,Overstock – Above Max,99847,0,100347,100327,3115226400,3973910600,1167.59,1521.41,True,False,False
P019,HYD001,Swing Motor SWM-350,Hydraulic,Excavator,Volvo,High,Medium,31200,39800,27.6,Hyderabad Logistics,Hyderabad,Telangana,South,Branch,36210,209,100008,81,49,350,D17,3120249600,3980318400,860068800,28573.7,Overstock – Above Max,99658,0,99959,99927,3109329600,3966388400,1234.67,2040.98,True,False,False
P019,KOL001,Swing Motor SWM-350,Hydraulic,Excavator,Volvo,High,Medium,31200,39800,27.6,Kolkata East Depot,Kolkata,West Bengal,East,Branch,29880,92,88853,30,22,141,E11,2772213600,3536349400,764135800,63016.3,Overstock – Above Max,88712,0,88831,88823,2767814400,3530737600,2961.77,4038.77,True,False,False
P019,AHM001,Swing Motor SWM-350,Hydraulic,Excavator,Volvo,High,Medium,31200,39800,27.6,Ahmedabad West Hub,Ahmedabad,Gujarat,West,Service Hub,34120,217,105387,85,46,378,A03,3288074400,4194402600,906328200,27880.2,Overstock – Above Max,105009,0,105341,105302,3276280800,4179358200,1239.85,2291.02,True,False,False
P020,DEL001,Pivot Pin PP-12,Pins & Bushes,Excavator,JCB,Medium,High,750,1150,53.3,Delhi Central,Delhi,Delhi,North,Central,45230,91,104360,31,24,140,A07,78270000,120014000,41744000,74542.9,Overstock – Above Max,104220,0,104336,104329,78165000,119853000,3366.45,4348.33,True,False,False
P020,PUN001,Pivot Pin PP-12,Pins & Bushes,Excavator,JCB,Medium,High,750,1150,53.3,Pune Distribution,Pune,Maharashtra,West,Regional,38750,80,102734,24,16,140,E12,77050500,118144100,41093600,73381.4,Overstock – Above Max,102594,0,102718,102710,76945500,117983100,4280.58,6420.88,True,False,False
P020,CHN001,Pivot Pin PP-12,Pins & Bushes,Excavator,JCB,Medium,High,750,1150,53.3,Chennai South Hub,Chennai,Tamil Nadu,South,Regional,41890,300,113260,105,84,454,F01,84945000,130249000,45304000,24947.1,Overstock – Above Max,112806,0,113176,113155,84604500,129726900,1078.67,1348.33,True,False,False
P020,HYD001,Pivot Pin PP-12,Pins & Bushes,Excavator,JCB,Medium,High,750,1150,53.3,Hyderabad Logistics,Hyderabad,Telangana,South,Branch,36210,161,102636,64,46,273,A15,76977000,118031400,41054400,37595.6,Overstock – Above Max,102363,0,102590,102572,76772250,117717450,1603.69,2231.22,True,False,False
P020,KOL001,Pivot Pin PP-12,Pins & Bushes,Excavator,JCB,Medium,High,750,1150,53.3,Kolkata East Depot,Kolkata,West Bengal,East,Branch,29880,182,99570,61,53,355,D07,74677500,114505500,39828000,28047.9,Overstock – Above Max,99215,0,99517,99509,74411250,114097250,1632.3,1878.68,True,False,False
P020,AHM001,Pivot Pin PP-12,Pins & Bushes,Excavator,JCB,Medium,High,750,1150,53.3,Ahmedabad West Hub,Ahmedabad,Gujarat,West,Service Hub,34120,142,102706,54,28,270,F16,77029500,118111900,41082400,38039.3,Overstock – Above Max,102436,0,102678,102652,76827000,117801400,1901.96,3668.07,True,False,False
P021,DEL001,Boom Cylinder BC-400,Hydraulic,Excavator,Komatsu,High,Medium,35600,46200,29.8,Delhi Central,Delhi,Delhi,North,Central,45230,152,115902,59,40,257,F08,4126111200,5354672400,1228561200,45098.1,Overstock – Above Max,115645,0,115862,115843,4116962000,5342799000,1964.44,2897.55,True,False,False
P021,PUN001,Boom Cylinder BC-400,Hydraulic,Excavator,Komatsu,High,Medium,35600,46200,29.8,Pune Distribution,Pune,Maharashtra,West,Regional,38750,159,105385,59,32,287,C11,3751706000,4868787000,1117081000,36719.5,Overstock – Above Max,105098,0,105353,105326,3741488800,4855527600,1786.19,3293.28,True,False,False
P021,CHN001,Boom Cylinder BC-400,Hydraulic,Excavator,Komatsu,High,Medium,35600,46200,29.8,Chennai South Hub,Chennai,Tamil Nadu,South,Regional,41890,189,100867,71,40,319,C11,3590865200,4660055400,1069190200,31619.7,Overstock – Above Max,100548,0,100827,100796,3579508800,4645317600,1420.66,2521.68,True,False,False
P021,HYD001,Boom Cylinder BC-400,Hydraulic,Excavator,Komatsu,High,Medium,35600,46200,29.8,Hyderabad Logistics,Hyderabad,Telangana,South,Branch,36210,153,99466,56,36,263,F08,3540989600,4595329200,1054339600,37819.8,Overstock – Above Max,99203,0,99430,99410,3531626800,4583178600,1776.18,2762.94,True,False,False
P021,KOL001,Boom Cylinder BC-400,Hydraulic,Excavator,Komatsu,High,Medium,35600,46200,29.8,Kolkata East Depot,Kolkata,West Bengal,East,Branch,29880,280,100829,102,69,485,C14,3589512400,4658299800,1068787400,20789.5,Overstock – Above Max,100344,0,100760,100727,3572246400,4635892800,988.52,1461.29,True,False,False
P021,AHM001,Boom Cylinder BC-400,Hydraulic,Excavator,Komatsu,High,Medium,35600,46200,29.8,Ahmedabad West Hub,Ahmedabad,Gujarat,West,Service Hub,34120,293,108168,110,60,554,E10,3850780800,4997361600,1146580800,19524.9,Overstock – Above Max,107614,0,108108,108058,3831058400,4971766800,983.35,1802.8,True,False,False
P022,DEL001,Control Valve CV-75,Hydraulic,Excavator,CAT,High,Medium,12800,16900,32.0,Delhi Central,Delhi,Delhi,North,Central,45230,187,110752,68,41,315,E20,1417625600,1871708800,454083200,35159.4,Overstock – Above Max,110437,0,110711,110684,1413593600,1866385300,1628.71,2701.27,True,False,False
P022,PUN001,Control Valve CV-75,Hydraulic,Excavator,CAT,High,Medium,12800,16900,32.0,Pune Distribution,Pune,Maharashtra,West,Regional,38750,299,111353,119,60,487,B16,1425318400,1881865700,456547300,22865.1,Overstock – Above Max,110866,0,111293,111234,1419084800,1873635400,935.74,1855.88,True,False,False
P022,CHN001,Control Valve CV-75,Hydraulic,Excavator,CAT,High,Medium,12800,16900,32.0,Chennai South Hub,Chennai,Tamil Nadu,South,Regional,41890,138,109061,44,31,227,A02,1395980800,1843130900,447150100,48044.5,Overstock – Above Max,108834,0,109030,109017,1393075200,1839294600,2478.66,3518.1,True,False,False
P022,HYD001,Control Valve CV-75,Hydraulic,Excavator,CAT,High,Medium,12800,16900,32.0,Hyderabad Logistics,Hyderabad,Telangana,South,Branch,36210,140,112997,46,33,226,F19,1446361600,1909649300,463287700,49998.7,Overstock – Above Max,112771,0,112964,112951,1443468800,1905829900,2456.46,3424.15,True,False,False
P022,KOL001,Control Valve CV-75,Hydraulic,Excavator,CAT,High,Medium,12800,16900,32.0,Kolkata East Depot,Kolkata,West Bengal,East,Branch,29880,265,99690,105,65,513,A01,1276032000,1684761000,408729000,19432.7,Overstock – Above Max,99177,0,99625,99585,1269465600,1676091300,949.43,1533.69,True,False,False
P022,AHM001,Control Valve CV-75,Hydraulic,Excavator,CAT,High,Medium,12800,16900,32.0,Ahmedabad West Hub,Ahmedabad,Gujarat,West,Service Hub,34120,156,103495,54,37,254,E03,1324736000,1749065500,424329500,40746.1,Overstock – Above Max,103241,0,103458,103441,1321484800,1744772900,1916.57,2797.16,True,False,False
P023,DEL001,Idler Wheel IW-55,Undercarriage,Bulldozer,Volvo,High,Medium,9200,12950,40.8,Delhi Central,Delhi,Delhi,North,Central,45230,186,113718,73,49,313,B18,1046205600,1472648100,426442500,36331.6,Overstock – Above Max,113405,0,113669,113645,1043326000,1468594750,1557.78,2320.78,True,False,False
P023,PUN001,Idler Wheel IW-55,Undercarriage,Bulldozer,Volvo,High,Medium,9200,12950,40.8,Pune Distribution,Pune,Maharashtra,West,Regional,38750,115,108328,40,26,198,A10,996617600,1402847600,406230000,54711.1,Overstock – Above Max,108130,0,108302,108288,994796000,1400283500,2708.2,4166.46,True,False,False
P023,CHN001,Idler Wheel IW-55,Undercarriage,Bulldozer,Volvo,High,Medium,9200,12950,40.8,Chennai South Hub,Chennai,Tamil Nadu,South,Regional,41890,149,107267,53,40,231,B12,986856400,1389107650,402251250,46435.9,Overstock – Above Max,107036,0,107227,107214,984731200,1386116200,2023.91,2681.68,True,False,False
P023,HYD001,Idler Wheel IW-55,Undercarriage,Bulldozer,Volvo,High,Medium,9200,12950,40.8,Hyderabad Logistics,Hyderabad,Telangana,South,Branch,36210,82,105798,31,16,134,C14,973341600,1370084100,396742500,78953.7,Overstock – Above Max,105664,0,105782,105767,972108800,1368348800,3412.84,6612.38,True,False,False
P023,KOL001,Idler Wheel IW-55,Undercarriage,Bulldozer,Volvo,High,Medium,9200,12950,40.8,Kolkata East Depot,Kolkata,West Bengal,East,Branch,29880,141,111851,49,30,273,D12,1029029200,1448470450,419441250,40971.1,Overstock – Above Max,111578,0,111821,111802,1026517600,1444935100,2282.67,3728.37,True,False,False
P023,AHM001,Idler Wheel IW-55,Undercarriage,Bulldozer,Volvo,High,Medium,9200,12950,40.8,Ahmedabad West Hub,Ahmedabad,Gujarat,West,Service Hub,34120,238,114558,90,50,434,B10,1053933600,1483526100,429592500,26395.9,Overstock – Above Max,114124,0,114508,114468,1049940800,1477905800,1272.87,2291.16,True,False,False
P024,DEL001,Track Roller TR-60,Undercarriage,Bulldozer,Tata Hitachi,High,Medium,7400,10300,39.2,Delhi Central,Delhi,Delhi,North,Central,45230,280,116412,99,56,469,A17,861448800,1199043600,337594800,24821.3,Overstock – Above Max,115943,0,116356,116313,857978200,1194212900,1175.88,2078.79,True,False,False
P024,PUN001,Track Roller TR-60,Undercarriage,Bulldozer,Tata Hitachi,High,Medium,7400,10300,39.2,Pune Distribution,Pune,Maharashtra,West,Regional,38750,128,110555,41,31,232,C02,818107000,1138716500,320609500,47653.0,Overstock – Above Max,110323,0,110524,110514,816390200,1136326900,2696.46,3566.29,True,False,False
P024,CHN001,Track Roller TR-60,Undercarriage,Bulldozer,Tata Hitachi,High,Medium,7400,10300,39.2,Chennai South Hub,Chennai,Tamil Nadu,South,Regional,41890,119,107215,44,27,204,D14,793391000,1104314500,310923500,52556.4,Overstock – Above Max,107011,0,107188,107171,791881400,1102213300,2436.7,3970.93,True,False,False
P024,HYD001,Track Roller TR-60,Undercarriage,Bulldozer,Tata Hitachi,High,Medium,7400,10300,39.2,Hyderabad Logistics,Hyderabad,Telangana,South,Branch,36210,273,101998,86,66,415,A14,754785200,1050579400,295794200,24577.8,Overstock – Above Max,101583,0,101932,101912,751714200,1046304900,1186.02,1545.42,True,False,False
P024,KOL001,Track Roller TR-60,Undercarriage,Bulldozer,Tata Hitachi,High,Medium,7400,10300,39.2,Kolkata East Depot,Kolkata,West Bengal,East,Branch,29880,155,112198,58,38,242,B18,830265200,1155639400,325374200,46362.8,Overstock – Above Max,111956,0,112160,112140,828474400,1153146800,1934.45,2952.58,True,False,False
P024,AHM001,Track Roller TR-60,Undercarriage,Bulldozer,Tata Hitachi,High,Medium,7400,10300,39.2,Ahmedabad West Hub,Ahmedabad,Gujarat,West,Service Hub,34120,268,107810,104,58,425,C07,797794000,1110443000,312649000,25367.1,Overstock – Above Max,107385,0,107752,107706,794649000,1106065500,1036.63,1858.79,True,False,False
P025,DEL001,Cabin Glass CG-20,Cabin,Excavator,JCB,Medium,Low,5600,7850,40.2,Delhi Central,Delhi,Delhi,North,Central,45230,180,109936,54,49,310,F11,615641600,862997600,247356000,35463.2,Overstock – Above Max,109626,0,109887,109882,613905600,860564100,2035.85,2243.59,True,False,False
P025,PUN001,Cabin Glass CG-20,Cabin,Excavator,JCB,Medium,Low,5600,7850,40.2,Pune Distribution,Pune,Maharashtra,West,Regional,38750,191,110083,68,45,300,A15,616464800,864151550,247686750,36694.3,Overstock – Above Max,109783,0,110038,110015,614784800,861796550,1618.87,2446.29,True,False,False
P025,CHN001,Cabin Glass CG-20,Cabin,Excavator,JCB,Medium,Low,5600,7850,40.2,Chennai South Hub,Chennai,Tamil Nadu,South,Regional,41890,300,110058,112,85,564,B12,616324800,863955300,247630500,19513.8,Overstock – Above Max,109494,0,109973,109946,613166400,859527900,982.66,1294.8,True,False,False
P025,HYD001,Cabin Glass CG-20,Cabin,Excavator,JCB,Medium,Low,5600,7850,40.2,Hyderabad Logistics,Hyderabad,Telangana,South,Branch,36210,83,113613,26,21,133,B16,636232800,891862050,255629250,85423.3,Overstock – Above Max,113480,0,113592,113587,635488000,890818000,4369.73,5410.14,True,False,False
P025,KOL001,Cabin Glass CG-20,Cabin,Excavator,JCB,Medium,Low,5600,7850,40.2,Kolkata East Depot,Kolkata,West Bengal,East,Branch,29880,290,110579,113,84,499,C08,619242400,868045150,248802750,22160.1,Overstock – Above Max,110080,0,110495,110466,616448000,864128000,978.58,1316.42,True,False,False
P025,AHM001,Cabin Glass CG-20,Cabin,Excavator,JCB,Medium,Low,5600,7850,40.2,Ahmedabad West Hub,Ahmedabad,Gujarat,West,Service Hub,34120,165,97512,64,44,328,F08,546067200,765469200,219402000,29729.3,Overstock – Above Max,97184,0,97468,97448,544230400,762894400,1523.62,2216.18,True,False,False
P026,DEL001,Grease Cartridge GC-5,Lubricants,All,Generic,Low,High,180,310,72.2,Delhi Central,Delhi,Delhi,North,Central,45230,96,103678,28,22,186,C13,18662040,32140180,13478140,55740.9,Overstock – Above Max,103492,0,103656,103650,18628560,32082520,3702.79,4712.64,True,False,False
P026,PUN001,Grease Cartridge GC-5,Lubricants,All,Generic,Low,High,180,310,72.2,Pune Distribution,Pune,Maharashtra,West,Regional,38750,112,105190,36,33,189,B09,18934200,32608900,13674700,55656.1,Overstock – Above Max,105001,0,105157,105154,18900180,32550310,2921.94,3187.58,True,False,False
P026,CHN001,Grease Cartridge GC-5,Lubricants,All,Generic,Low,High,180,310,72.2,Chennai South Hub,Chennai,Tamil Nadu,South,Regional,41890,113,108895,36,33,181,A03,19601100,33757450,14156350,60163.0,Overstock – Above Max,108714,0,108862,108859,19568520,33701340,3024.86,3299.85,True,False,False
P026,HYD001,Grease Cartridge GC-5,Lubricants,All,Generic,Low,High,180,310,72.2,Hyderabad Logistics,Hyderabad,Telangana,South,Branch,36210,203,108348,75,54,314,E17,19502640,33587880,14085240,34505.7,Overstock – Above Max,108034,0,108294,108273,19446120,33490540,1444.64,2006.44,True,False,False
P026,KOL001,Grease Cartridge GC-5,Lubricants,All,Generic,Low,High,180,310,72.2,Kolkata East Depot,Kolkata,West Bengal,East,Branch,29880,240,101412,74,59,445,A06,18254160,31437720,13183560,22789.2,Overstock – Above Max,100967,0,101353,101338,18174060,31299770,1370.43,1718.85,True,False,False
P026,AHM001,Grease Cartridge GC-5,Lubricants,All,Generic,Low,High,180,310,72.2,Ahmedabad West Hub,Ahmedabad,Gujarat,West,Service Hub,34120,263,103793,89,65,445,E03,18682740,32175830,13493090,23324.3,Overstock – Above Max,103348,0,103728,103704,18602640,32037880,1166.21,1596.82,True,False,False
P027,DEL001,O-Ring Set OR-50,Seals,All,Generic,Low,High,260,480,84.6,Delhi Central,Delhi,Delhi,North,Central,45230,98,106775,31,26,193,C04,27761500,51252000,23490500,55323.8,Overstock – Above Max,106582,0,106749,106744,27711320,51159360,3444.35,4106.73,True,False,False
P027,PUN001,O-Ring Set OR-50,Seals,All,Generic,Low,High,260,480,84.6,Pune Distribution,Pune,Maharashtra,West,Regional,38750,214,112683,70,58,376,C02,29297580,54087840,24790260,29968.9,Overstock – Above Max,112307,0,112625,112613,29199820,53907360,1609.76,1942.81,True,False,False
P027,CHN001,O-Ring Set OR-50,Seals,All,Generic,Low,High,260,480,84.6,Chennai South Hub,Chennai,Tamil Nadu,South,Regional,41890,84,97973,33,19,133,F12,25472980,47027040,21554060,73663.9,Overstock – Above Max,97840,0,97954,97940,25438400,46963200,2968.88,5156.47,True,False,False
P027,HYD001,O-Ring Set OR-50,Seals,All,Generic,Low,High,260,480,84.6,Hyderabad Logistics,Hyderabad,Telangana,South,Branch,36210,123,104746,46,29,211,B02,27233960,50278080,23044120,49642.7,Overstock – Above Max,104535,0,104717,104700,27179100,50176800,2277.09,3611.93,True,False,False
P027,KOL001,O-Ring Set OR-50,Seals,All,Generic,Low,High,260,480,84.6,Kolkata East Depot,Kolkata,West Bengal,East,Branch,29880,210,100477,79,54,385,F20,26124020,48228960,22104940,26097.9,Overstock – Above Max,100092,0,100423,100398,26023920,48044160,1271.86,1860.69,True,False,False
P027,AHM001,O-Ring Set OR-50,Seals,All,Generic,Low,High,260,480,84.6,Ahmedabad West Hub,Ahmedabad,Gujarat,West,Service Hub,34120,151,108337,51,33,294,F10,28167620,52001760,23834140,36849.3,Overstock – Above Max,108043,0,108304,108286,28091180,51860640,2124.25,3282.94,True,False,False
P028,DEL001,Light Assembly LA-18,Electrical,Loader,Generic,Medium,Medium,1450,2250,55.2,Delhi Central,Delhi,Delhi,North,Central,45230,207,106744,81,58,353,C01,154778800,240174000,85395200,30239.1,Overstock – Above Max,106391,0,106686,106663,154266950,239379750,1317.83,1840.41,True,False,False
P028,PUN001,Light Assembly LA-18,Electrical,Loader,Generic,Medium,Medium,1450,2250,55.2,Pune Distribution,Pune,Maharashtra,West,Regional,38750,279,105401,100,56,522,B17,152831450,237152250,84320800,20191.8,Overstock – Above Max,104879,0,105345,105301,152074550,235977750,1054.01,1882.16,True,False,False
P028,CHN001,Light Assembly LA-18,Electrical,Loader,Generic,Medium,Medium,1450,2250,55.2,Chennai South Hub,Chennai,Tamil Nadu,South,Regional,41890,120,103464,43,29,198,E04,150022800,232794000,82771200,52254.5,Overstock – Above Max,103266,0,103435,103421,149735700,232348500,2406.14,3567.72,True,False,False
P028,HYD001,Light Assembly LA-18,Electrical,Loader,Generic,Medium,Medium,1450,2250,55.2,Hyderabad Logistics,Hyderabad,Telangana,South,Branch,36210,129,102248,47,37,199,E08,148259600,230058000,81798400,51380.9,Overstock – Above Max,102049,0,102211,102201,147971050,229610250,2175.49,2763.46,True,False,False
P028,KOL001,Light Assembly LA-18,Electrical,Loader,Generic,Medium,Medium,1450,2250,55.2,Kolkata East Depot,Kolkata,West Bengal,East,Branch,29880,254,104851,76,75,437,B09,152033950,235914750,83880800,23993.4,Overstock – Above Max,104414,0,104776,104775,151400300,234931500,1379.62,1398.01,True,False,False
P028,AHM001,Light Assembly LA-18,Electrical,Loader,Generic,Medium,Medium,1450,2250,55.2,Ahmedabad West Hub,Ahmedabad,Gujarat,West,Service Hub,34120,212,101538,78,57,368,F04,147230100,228460500,81230400,27591.8,Overstock – Above Max,101170,0,101481,101460,146696500,227632500,1301.77,1781.37,True,False,False
P029,DEL001,Pressure Sensor PS-90,Sensors,Excavator,CAT,Medium,Medium,2750,3950,43.6,Delhi Central,Delhi,Delhi,North,Central,45230,98,108622,33,27,174,E17,298710500,429056900,130346400,62426.4,Overstock – Above Max,108448,0,108595,108589,298232000,428369600,3291.58,4023.04,True,False,False
P029,PUN001,Pressure Sensor PS-90,Sensors,Excavator,CAT,Medium,Medium,2750,3950,43.6,Pune Distribution,Pune,Maharashtra,West,Regional,38750,115,109429,40,28,225,C10,300929750,432244550,131314800,48635.1,Overstock – Above Max,109204,0,109401,109389,300311000,431355800,2735.72,3908.18,True,False,False
P029,CHN001,Pressure Sensor PS-90,Sensors,Excavator,CAT,Medium,Medium,2750,3950,43.6,Chennai South Hub,Chennai,Tamil Nadu,South,Regional,41890,97,101572,33,27,173,F11,279323000,401209400,121886400,58712.1,Overstock – Above Max,101399,0,101545,101539,278847250,400526050,3077.94,3761.93,True,False,False
P029,HYD001,Pressure Sensor PS-90,Sensors,Excavator,CAT,Medium,Medium,2750,3950,43.6,Hyderabad Logistics,Hyderabad,Telangana,South,Branch,36210,192,112739,76,55,324,F08,310032250,445319050,135286800,34796.0,Overstock – Above Max,112415,0,112684,112663,309141250,444039250,1483.41,2049.8,True,False,False
P029,KOL001,Pressure Sensor PS-90,Sensors,Excavator,CAT,Medium,Medium,2750,3950,43.6,Kolkata East Depot,Kolkata,West Bengal,East,Branch,29880,150,105010,57,40,299,F06,288777500,414789500,126012000,35120.4,Overstock – Above Max,104711,0,104970,104953,287955250,413608450,1842.28,2625.25,True,False,False
P029,AHM001,Pressure Sensor PS-90,Sensors,Excavator,CAT,Medium,Medium,2750,3950,43.6,Ahmedabad West Hub,Ahmedabad,Gujarat,West,Service Hub,34120,140,97606,49,40,267,D10,268416500,385543700,117127200,36556.6,Overstock – Above Max,97339,0,97566,97557,267682250,384489050,1991.96,2440.15,True,False,False
P030,DEL001,Fuel Pump FP-350,Engine,Excavator,Volvo,High,Medium,16400,21900,33.5,Delhi Central,Delhi,Delhi,North,Central,45230,184,103131,64,53,336,E17,1691348400,2258568900,567220500,30693.8,Overstock – Above Max,102795,0,103078,103067,1685838000,2251210500,1611.42,1945.87,True,False,False
P030,PUN001,Fuel Pump FP-350,Engine,Excavator,Volvo,High,Medium,16400,21900,33.5,Pune Distribution,Pune,Maharashtra,West,Regional,38750,147,112388,52,35,283,A05,1843163200,2461297200,618134000,39713.1,Overstock – Above Max,112105,0,112353,112336,1838522000,2455099500,2161.31,3211.09,True,False,False
P030,CHN001,Fuel Pump FP-350,Engine,Excavator,Volvo,High,Medium,16400,21900,33.5,Chennai South Hub,Chennai,Tamil Nadu,South,Regional,41890,125,105447,46,28,246,F19,1729330800,2309289300,579958500,42864.6,Overstock – Above Max,105201,0,105419,105401,1725296400,2303901900,2292.33,3765.96,True,False,False
P030,HYD001,Fuel Pump FP-350,Engine,Excavator,Volvo,High,Medium,16400,21900,33.5,Hyderabad Logistics,Hyderabad,Telangana,South,Branch,36210,162,104611,53,40,268,D14,1715620400,2290980900,575360500,39034.0,Overstock – Above Max,104343,0,104571,104558,1711225200,2285111700,1973.79,2615.28,True,False,False
P030,KOL001,Fuel Pump FP-350,Engine,Excavator,Volvo,High,Medium,16400,21900,33.5,Kolkata East Depot,Kolkata,West Bengal,East,Branch,29880,199,103465,73,43,365,C10,1696826000,2265883500,569057500,28346.6,Overstock – Above Max,103100,0,103422,103392,1690840000,2257890000,1417.33,2406.16,True,False,False
P030,AHM001,Fuel Pump FP-350,Engine,Excavator,Volvo,High,Medium,16400,21900,33.5,Ahmedabad West Hub,Ahmedabad,Gujarat,West,Service Hub,34120,134,103248,46,40,231,D06,1693267200,2261131200,567864000,44696.1,Overstock – Above Max,103017,0,103208,103202,1689478800,2256072300,2244.52,2581.2,True,False,False
